id	name	lat	lon	type	institution	url
1	codesa	-20.3195	-40.2628	buoy	codesa	
2	Pier	-30.178	-50.1999	visual	wavecheck	http://www.waves.com.br/surf/ondas/picos/pier/
3	Calcadao	-30.149	-50.189	visual	wavecheck	http://www.waves.com.br/surf/ondas/picos/calcadao/
4	Barrinha	-29.979	-50.1181	visual	wavecheck	http://www.waves.com.br/surf/ondas/picos/barrinha/
5	Backdoor	-30.005	-50.129	visual	wavecheck	http://www.waves.com.br/surf/ondas/picos/backdoor/
6	Meio	-30.0018	-50.1264	visual	wavecheck	http://www.waves.com.br/surf/ondas/picos/meio/
7	Pier	-30.0058	-50.127	visual	wavecheck	http://www.waves.com.br/surf/ondas/picos/pier-2/
8	Imbe	-29.9645	-50.1109	visual	wavecheck	http://www.waves.com.br/surf/ondas/picos/imbe/
9	Final do Calcadao	-29.743	-50	visual	wavecheck	http://www.waves.com.br/surf/ondas/picos/final-do-calcadao/
10	Special Point	-29.7395	-49.9975	visual	wavecheck	http://www.waves.com.br/surf/ondas/picos/special-point-8/
11	Praia da Guarita	-29.358	-49.7335	visual	wavecheck	http://www.waves.com.br/surf/ondas/picos/praia-da-guarita/
12	Cal	-29.351	-49.7263	visual	wavecheck	http://www.waves.com.br/surf/ondas/picos/cal/
13	Prainha	-29.3459	-49.7174	visual	wavecheck	http://www.waves.com.br/surf/ondas/picos/prainha-8/
14	Molhes	-29.327	-49.711	visual	wavecheck	http://www.waves.com.br/surf/ondas/picos/molhes-2/
15	Mampituba	-29.321	-49.709	visual	wavecheck	http://www.waves.com.br/surf/ondas/picos/mampituba/
16	Xangri-la	-29.8135	-50.0371	visual	wavecheck	http://www.waves.com.br/surf/ondas/picos/xangri-la/
17	Atlandida Pier	-29.7858	-50.0225	visual	wavecheck	http://www.waves.com.br/surf/ondas/picos/atlandida-pier/
18	Centro	-28.7163	-49.0457	visual	wavecheck	http://www.waves.com.br/surf/ondas/picos/centro-3/
19	Plataforma Entremares	-28.9607	-49.3833	visual	wavecheck	http://www.waves.com.br/surf/ondas/picos/plataforma-entremares/
20	Plataforma Norte	-28.8235	-49.2173	visual	wavecheck	http://www.waves.com.br/surf/ondas/picos/plataforma-norte/
21	Teresa	-28.524	-48.7608	visual	wavecheck	http://www.waves.com.br/surf/ondas/picos/teresa/
22	Cigana	-28.6132	-48.8405	visual	wavecheck	http://www.waves.com.br/surf/ondas/picos/cigana/
23	Cardoso	-28.6138	-48.8289	visual	wavecheck	http://www.waves.com.br/surf/ondas/picos/cardoso/
24	Vila	-28.2435	-48.6536	visual	wavecheck	http://www.waves.com.br/surf/ondas/picos/vila/
25	Porto	-28.2154	-48.6651	visual	wavecheck	http://www.waves.com.br/surf/ondas/picos/porto-2/
26	Ribanceira	-28.1872	-48.6602	visual	wavecheck	http://www.waves.com.br/surf/ondas/picos/ribanceira/
27	Ibiraquera	-28.154	-48.6462	visual	wavecheck	http://www.waves.com.br/surf/ondas/picos/ibiraquera/
28	Barra de Ibiraquera	-28.105	-48.634	visual	wavecheck	http://www.waves.com.br/surf/ondas/picos/barra-de-ibiraquera/
29	Luz	-28.1466	-48.6421	visual	wavecheck	http://www.waves.com.br/surf/ondas/picos/luz/
30	Rosa Sul	-28.1343	-48.6407	visual	wavecheck	http://www.waves.com.br/surf/ondas/picos/rosa-sul/
31	Rosa Norte	-28.1245	-48.6368	visual	wavecheck	http://www.waves.com.br/surf/ondas/picos/rosa-norte/
32	Ouvidor	-28.105	-48.634	visual	wavecheck	http://www.waves.com.br/surf/ondas/picos/ouvidor/
33	Barrinha	-28.0852	-48.6293	visual	wavecheck	http://www.waves.com.br/surf/ondas/picos/barrinha-2/
34	Ferrugem Sul	-28.0803	-48.6271	visual	wavecheck	http://www.waves.com.br/surf/ondas/picos/ferrugem-sul/
35	Ferrugem Norte	-28.0765	-48.6245	visual	wavecheck	http://www.waves.com.br/surf/ondas/picos/ferrugem-norte/
36	Silveira Sul	-28.0439	-48.6079	visual	wavecheck	http://www.waves.com.br/surf/ondas/picos/silveira-sul/
37	Silveira Norte	-28.0359	-48.6035	visual	wavecheck	http://www.waves.com.br/surf/ondas/picos/silveira-norte/
38	Centro	-28.0204	-48.6195	visual	wavecheck	http://www.waves.com.br/surf/ondas/picos/centro-5/
39	Siriu	-28.008	-48.629	visual	wavecheck	http://www.waves.com.br/surf/ondas/picos/siriu/
40	Campeche	-27.7003	-48.4921	visual	wavecheck	http://www.waves.com.br/surf/ondas/picos/campeche/
41	Praia do Caldeirao	-27.7266	-48.506	visual	wavecheck	http://www.waves.com.br/surf/ondas/picos/praia-do-caldeirao/
42	Morro das Pedras	-27.7109	-48.5002	visual	wavecheck	http://www.waves.com.br/surf/ondas/picos/morro-das-pedras/
43	Novo Campeche	-27.6668	-48.4709	visual	wavecheck	http://www.waves.com.br/surf/ondas/picos/novo-campeche/
44	Joaquina	-27.6329	-48.4467	visual	wavecheck	http://www.waves.com.br/surf/ondas/picos/joaquina/
45	Mole Gravata	-27.6077	-48.4341	visual	wavecheck	http://www.waves.com.br/surf/ondas/picos/mole-gravata/
46	Mole	-27.6089	-48.4226	visual	wavecheck	http://www.waves.com.br/surf/ondas/picos/mole/
47	Camping da Barra	-27.5672	-48.4273	visual	wavecheck	http://www.waves.com.br/surf/ondas/picos/camping-da-barra/
48	Barra da Lagoa	-27.5728	-48.4235	visual	wavecheck	http://www.waves.com.br/surf/ondas/picos/barra-da-lagoa/
49	Mocambique	-27.4942	-48.3898	visual	wavecheck	http://www.waves.com.br/surf/ondas/picos/mocambique/
50	Santinho	-27.4632	-48.3761	visual	wavecheck	http://www.waves.com.br/surf/ondas/picos/santinho/
51	Ingleses	-27.4632	-48.3761	visual	wavecheck	http://www.waves.com.br/surf/ondas/picos/ingleses/
52	Quatro Ilhas	-27.1571	-48.4842	visual	wavecheck	http://www.waves.com.br/surf/ondas/picos/quatro-ilhas/
53	Mariscal - Canto Esquerdo	-27.1752	-48.4981	visual	wavecheck	http://www.waves.com.br/surf/ondas/picos/mariscal-canto-esquerdo/
54	Mariscal Meio	-27.1752	-48.4981	visual	wavecheck	http://www.waves.com.br/surf/ondas/picos/mariscal-meio/
55	Costao de Bombas	-27.1329	-48.5136	visual	wavecheck	http://www.waves.com.br/surf/ondas/picos/costao-de-bombas/
56	Meia Praia	-27.12	-48.604	visual	wavecheck	http://www.waves.com.br/surf/ondas/picos/meia-praia-3/
57	Central	-27.133	-48.5954	visual	wavecheck	http://www.waves.com.br/surf/ondas/picos/central/
58	Plaza	-27.0774	-48.5919	visual	wavecheck	http://www.waves.com.br/surf/ondas/picos/plaza/
59	Maxim	-26.9855	-48.6314	visual	wavecheck	http://www.waves.com.br/surf/ondas/picos/maxim/
60	Marambaia	-26.9757	-48.6337	visual	wavecheck	http://www.waves.com.br/surf/ondas/picos/marambaia/
61	Praia Brava	-26.9469	-48.627	visual	wavecheck	http://www.waves.com.br/surf/ondas/picos/praia-brava-2/
62	Praia dos Amores	-26.9575	-48.6279	visual	wavecheck	http://www.waves.com.br/surf/ondas/picos/praia-dos-amores/
63	Gravata	-26.834	-48.624	visual	wavecheck	http://www.waves.com.br/surf/ondas/picos/gravata-3/
64	Praia Vermelha	-26.801	-48.5936	visual	wavecheck	http://www.waves.com.br/surf/ondas/picos/praia-vermelha/
65	Quilombo Pico	-26.771	-48.638	visual	wavecheck	http://www.waves.com.br/surf/ondas/picos/quilombo-pico/
66	Quilombo Meio	-26.784	-48.625	visual	wavecheck	http://www.waves.com.br/surf/ondas/picos/quilombo-meio/
67	Costao	-26.6436	-48.6818	visual	wavecheck	http://www.waves.com.br/surf/ondas/picos/costao/
68	Praia do Sol	-26.6757	-48.6874	visual	wavecheck	http://www.waves.com.br/surf/ondas/picos/praia-do-sol/
69	Peninsula	-26.635	-48.671	visual	wavecheck	http://www.waves.com.br/surf/ondas/picos/peninsula/
70	Ubatuba	-26.23	-48.63	visual	wavecheck	http://www.waves.com.br/surf/ondas/picos/ubatuba/
71	Praia do Ervino	-26.3891	-48.5838	visual	wavecheck	http://www.waves.com.br/surf/ondas/picos/praia-do-ervino/
72	Prainha	-26.2308	-48.4982	visual	wavecheck	http://www.waves.com.br/surf/ondas/picos/prainha-6/
73	Praia Grande	-26.2381	-48.5027	visual	wavecheck	http://www.waves.com.br/surf/ondas/picos/praia-grande-4/
74	Imperador	-26.1395	-48.597	visual	wavecheck	http://www.waves.com.br/surf/ondas/picos/imperador/
75	Palmeiras	-26.1342	-48.6044	visual	wavecheck	http://www.waves.com.br/surf/ondas/picos/palmeiras-2/
76	Barra do Sai	-26.031	-48.6082	visual	wavecheck	http://www.waves.com.br/surf/ondas/picos/barra-do-sai/
77	Cotia	-26.0235	-48.607	visual	wavecheck	http://www.waves.com.br/surf/ondas/picos/cotia/
78	Direitas	-25.8908	-48.5598	visual	wavecheck	http://www.waves.com.br/surf/ondas/picos/direitas/
79	Praia Central	-25.8803	-48.5674	visual	wavecheck	http://www.waves.com.br/surf/ondas/picos/praia-central/
80	Pico de Guaratuba	-25.915	-48.573	visual	wavecheck	http://www.waves.com.br/surf/ondas/picos/pico-de-guaratuba/
81	Paraguaios	-25.915	-48.573	visual	wavecheck	http://www.waves.com.br/surf/ondas/picos/paraguaios/
82	Mapin	-25.843	-48.5363	visual	wavecheck	http://www.waves.com.br/surf/ondas/picos/mapin/
83	Brava	-25.8265	-48.518	visual	wavecheck	http://www.waves.com.br/surf/ondas/picos/brava-3/
84	Pico de Matinhos	-25.7815	-48.3968	visual	wavecheck	http://www.waves.com.br/surf/ondas/picos/pico-de-matinhos/
85	Praia Grande	-25.55	-48.294	visual	wavecheck	http://www.waves.com.br/surf/ondas/picos/praia-grande-2/
86	Vo Maria	-25.5578	-48.2898	visual	wavecheck	http://www.waves.com.br/surf/ondas/picos/vo-maria/
87	Praia de Fora	-25.5425	-48.291	visual	wavecheck	http://www.waves.com.br/surf/ondas/picos/praia-de-fora/
88	Praia de Leste	-25.6941	-48.4888	visual	wavecheck	http://www.waves.com.br/surf/ondas/picos/praia-de-leste/
89	Special Point	-23.793	-45.577	visual	wavecheck	http://www.waves.com.br/surf/ondas/picos/special-point-6/
90	Boqueirao Sul	-25.0286	-47.882	visual	wavecheck	http://www.waves.com.br/surf/ondas/picos/boqueirao-sul/
91	Adriana	-24.738	-47.526	visual	wavecheck	http://www.waves.com.br/surf/ondas/picos/adriana/
92	Boqueirao Norte	-24.74	-47.533	visual	wavecheck	http://www.waves.com.br/surf/ondas/picos/boqueirao-norte/
93	Queda Bruta	-24.3048	-46.9723	visual	wavecheck	http://www.waves.com.br/surf/ondas/picos/queda-bruta/
94	Guarau	-24.3699	-47.0119	visual	wavecheck	http://www.waves.com.br/surf/ondas/picos/guarau/
95	Arpoador	-24.0963	-46.5939	visual	wavecheck	http://www.waves.com.br/surf/ondas/picos/arpoador/
96	Centro	-24.326	-46.992	visual	wavecheck	http://www.waves.com.br/surf/ondas/picos/centro-2/
97	Bombeiro	-24.326	-46.992	visual	wavecheck	http://www.waves.com.br/surf/ondas/picos/bombeiro/
98	Mirante	-24.326	-46.992	visual	wavecheck	http://www.waves.com.br/surf/ondas/picos/mirante/
99	Nova Itanhaem	-24.1726	-46.7597	visual	wavecheck	http://www.waves.com.br/surf/ondas/picos/nova-itanhaem/
100	Cibratel canto	-24.2004	-46.8131	visual	wavecheck	http://www.waves.com.br/surf/ondas/picos/cibratel-canto/
101	Sonhos Meio	-24.196	-46.797	visual	wavecheck	http://www.waves.com.br/surf/ondas/picos/sonhos-meio/
102	Pescadores	-24.192	-46.792	visual	wavecheck	http://www.waves.com.br/surf/ondas/picos/pescadores/
103	Praiao	-24.1848	-46.7851	visual	wavecheck	http://www.waves.com.br/surf/ondas/picos/praiao/
104	Suarao	-24.179	-46.7729	visual	wavecheck	http://www.waves.com.br/surf/ondas/picos/suarao/
105	Praia do Centro	-24.1007	-46.6271	visual	wavecheck	http://www.waves.com.br/surf/ondas/picos/praia-do-centro/
106	Lado direito do pier	-24.1374	-46.6928	visual	wavecheck	http://www.waves.com.br/surf/ondas/picos/lado-direito-do-pier/
107	Lado esquerdo do pier	-24.1357	-46.6905	visual	wavecheck	http://www.waves.com.br/surf/ondas/picos/lado-esquerdo-do-pier/
108	Vila Caicara	-24.0475	-46.5189	visual	wavecheck	http://www.waves.com.br/surf/ondas/picos/vila-caicara/
109	Guilhermina	-24.017	-46.4267	visual	wavecheck	http://www.waves.com.br/surf/ondas/picos/guilhermina/
110	Aviacao	-24.0192	-46.4384	visual	wavecheck	http://www.waves.com.br/surf/ondas/picos/aviacao/
111	Centro	-24.0195	-46.4193	visual	wavecheck	http://www.waves.com.br/surf/ondas/picos/centro-4/
112	Canto do Forte	-24.0184	-46.4061	visual	wavecheck	http://www.waves.com.br/surf/ondas/picos/canto-do-forte/
113	Porta do Sol	-23.9794	-46.3771	visual	wavecheck	http://www.waves.com.br/surf/ondas/picos/porta-do-sol/
114	Escolinha	-23.9728	-46.358	visual	wavecheck	http://www.waves.com.br/surf/ondas/picos/escolinha/
115	Teleferico	-23.9747	-46.3615	visual	wavecheck	http://www.waves.com.br/surf/ondas/picos/teleferico/
116	Divisa	-23.9725	-46.3552	visual	wavecheck	http://www.waves.com.br/surf/ondas/picos/divisa/
117	Quebra-Mar	-23.9731	-46.3486	visual	wavecheck	http://www.waves.com.br/surf/ondas/picos/quebra-mar/
118	Canal 1	-23.9718	-46.3459	visual	wavecheck	http://www.waves.com.br/surf/ondas/picos/canal-1/
119	Posto 2	-23.9716	-46.3425	visual	wavecheck	http://www.waves.com.br/surf/ondas/picos/posto-2/
120	Guaiuba	-24.0176	-46.2971	visual	wavecheck	http://www.waves.com.br/surf/ondas/picos/guaiuba/
121	Tombo	-24.015	-46.273	visual	wavecheck	http://www.waves.com.br/surf/ondas/picos/tombo/
122	Asturias	-24.006	-46.267	visual	wavecheck	http://www.waves.com.br/surf/ondas/picos/asturias/
123	Canal Pitangueiras	-24.0039	-46.2642	visual	wavecheck	http://www.waves.com.br/surf/ondas/picos/canal-pitangueiras/
124	Monduba	-24.0027	-46.262	visual	wavecheck	http://www.waves.com.br/surf/ondas/picos/monduba/
125	Ilha Pitangueiras	-24.0017	-46.2575	visual	wavecheck	http://www.waves.com.br/surf/ondas/picos/ilha-pitangueiras/
126	Maluf Pitangueiras	-23.9986	-46.2518	visual	wavecheck	http://www.waves.com.br/surf/ondas/picos/maluf-pitangueiras/
127	Enseada Meio	-23.9903	-46.2284	visual	wavecheck	http://www.waves.com.br/surf/ondas/picos/enseada-meio/
128	Enseada Canto Direito	-23.9943	-46.2449	visual	wavecheck	http://www.waves.com.br/surf/ondas/picos/enseada-canto-direito/
129	Pernambuco Canto Esquerdo	-23.9619	-46.1818	visual	wavecheck	http://www.waves.com.br/surf/ondas/picos/pernambuco-canto-esquerdo/
130	Pernambuco Meio	-23.9651	-46.1843	visual	wavecheck	http://www.waves.com.br/surf/ondas/picos/pernambuco-meio/
131	Tijucopava	-23.9131	-46.1676	visual	wavecheck	http://www.waves.com.br/surf/ondas/picos/tijucopava/
132	Sao Pedro	-23.9086	-46.1614	visual	wavecheck	http://www.waves.com.br/surf/ondas/picos/sao-pedro/
133	Taguaiba	-23.8967	-46.1495	visual	wavecheck	http://www.waves.com.br/surf/ondas/picos/taguaiba/
134	Enseada Centro	-23.839	-46.116	visual	wavecheck	http://www.waves.com.br/surf/ondas/picos/enseada-centro/
135	Sesc	-23.844	-46.1225	visual	wavecheck	http://www.waves.com.br/surf/ondas/picos/sesc-2/
136	Indaia	-23.8206	-46.0507	visual	wavecheck	http://www.waves.com.br/surf/ondas/picos/indaia-2/
137	Riviera Canto Direito	-23.8148	-46.0356	visual	wavecheck	http://www.waves.com.br/surf/ondas/picos/riviera-canto-direito/
138	Riviera Meio	-23.8076	-46.0156	visual	wavecheck	http://www.waves.com.br/surf/ondas/picos/riviera-meio/
139	Itaguare	-23.7982	-45.987	visual	wavecheck	http://www.waves.com.br/surf/ondas/picos/itaguare/
140	Boraceia Passarela	-23.7612	-45.8636	visual	wavecheck	http://www.waves.com.br/surf/ondas/picos/boraceia-passarela/
141	Boraceia Curva	-23.7602	-45.8094	visual	wavecheck	http://www.waves.com.br/surf/ondas/picos/boraceia-curva/
142	Bora Bora	-23.7614	-45.8049	visual	wavecheck	http://www.waves.com.br/surf/ondas/picos/bora-bora/
143	Jureia	-23.7659	-45.788	visual	wavecheck	http://www.waves.com.br/surf/ondas/picos/jureia/
144	Engenho	-23.765	-45.782	visual	wavecheck	http://www.waves.com.br/surf/ondas/picos/engenho/
145	Barra do Una Meio	-23.7631	-45.7657	visual	wavecheck	http://www.waves.com.br/surf/ondas/picos/barra-do-una-meio/
146	Juquei	-23.769	-45.751	visual	wavecheck	http://www.waves.com.br/surf/ondas/picos/juquei/
147	Barra do Sahy	-23.7735	-45.7001	visual	wavecheck	http://www.waves.com.br/surf/ondas/picos/barra-do-sahy/
148	Baleia	-23.777	-45.674	visual	wavecheck	http://www.waves.com.br/surf/ondas/picos/baleia/
149	Camburi	-23.781	-45.651	visual	wavecheck	http://www.waves.com.br/surf/ondas/picos/camburi/
150	Maresias Canto	-23.7931	-45.5836	visual	wavecheck	http://www.waves.com.br/surf/ondas/picos/maresias-canto/
151	Maresias	-23.7979	-45.5791	visual	wavecheck	http://www.waves.com.br/surf/ondas/picos/maresias/
152	Special Point	-23.793	-45.577	visual	wavecheck	http://www.waves.com.br/surf/ondas/picos/special-point-9/
153	Praia do Tenorio	-23.4649	-45.0561	visual	wavecheck	http://www.waves.com.br/surf/ondas/picos/praia-do-tenorio/
154	Lagoinha	-23.5234	-45.2051	visual	wavecheck	http://www.waves.com.br/surf/ondas/picos/lagoinha/
155	Sununga	-23.5094	-45.1336	visual	wavecheck	http://www.waves.com.br/surf/ondas/picos/sununga/
156	Toninhas	-23.485	-45.071	visual	wavecheck	http://www.waves.com.br/surf/ondas/picos/toninhas/
157	Praia Grande	-23.469	-45.061	visual	wavecheck	http://www.waves.com.br/surf/ondas/picos/praia-grande-3/
158	Vermelha do Centro	-23.466	-45.049	visual	wavecheck	http://www.waves.com.br/surf/ondas/picos/vermelha-do-centro/
159	Vermelha do Norte	-23.419	-45.035	visual	wavecheck	http://www.waves.com.br/surf/ondas/picos/vermelha-do-norte/
160	Itamambuca	-23.408	-45.006	visual	wavecheck	http://www.waves.com.br/surf/ondas/picos/itamambuca/
161	Felix	-23.388	-44.968	visual	wavecheck	http://www.waves.com.br/surf/ondas/picos/felix/
162	Sape	-23.5344	-45.2237	visual	wavecheck	http://www.waves.com.br/surf/ondas/picos/sape/
163	Brava	-23.5204	-45.1647	visual	wavecheck	http://www.waves.com.br/surf/ondas/picos/brava-2/
164	Grumari	-23.053	-43.534	visual	wavecheck	http://www.waves.com.br/surf/ondas/picos/grumari/
165	Prainha	-23.043	-43.505	visual	wavecheck	http://www.waves.com.br/surf/ondas/picos/prainha-7/
166	Macumba	-23.034	-43.476	visual	wavecheck	http://www.waves.com.br/surf/ondas/picos/macumba/
167	Reserva	-23.0168	-43.4048	visual	wavecheck	http://www.waves.com.br/surf/ondas/picos/reserva/
168	Recreio	-23.031	-43.465	visual	wavecheck	http://www.waves.com.br/surf/ondas/picos/recreio/
169	Postinho da Barra	-23.0124	-43.3277	visual	wavecheck	http://www.waves.com.br/surf/ondas/picos/postinho-da-barra/
170	Leblon	-22.99	-43.226	visual	wavecheck	http://www.waves.com.br/surf/ondas/picos/leblon/
171	Ipanema	-22.989	-43.208	visual	wavecheck	http://www.waves.com.br/surf/ondas/picos/ipanema/
172	Arpoador	-22.9899	-43.1925	visual	wavecheck	http://www.waves.com.br/surf/ondas/picos/arpoador-2/
173	Diabo	-22.9886	-43.1889	visual	wavecheck	http://www.waves.com.br/surf/ondas/picos/diabo/
174	Copacabana	-22.9744	-43.1835	visual	wavecheck	http://www.waves.com.br/surf/ondas/picos/copacabana/
175	Itacoatiara Pampo	-22.9759	-43.0364	visual	wavecheck	http://www.waves.com.br/surf/ondas/picos/itacoatiara-pampo/
176	Itacoatiara Meio	-22.9757	-43.0335	visual	wavecheck	http://www.waves.com.br/surf/ondas/picos/itacoatiara-meio/
177	Itacoatiara Costao	-22.9769	-43.0312	visual	wavecheck	http://www.waves.com.br/surf/ondas/picos/itacoatiara-costao/
178	Praia da Vila	-22.936	-42.496	visual	wavecheck	http://www.waves.com.br/surf/ondas/picos/praia-da-vila/
179	Itauna	-22.9403	-42.4777	visual	wavecheck	http://www.waves.com.br/surf/ondas/picos/itauna/
180	Praia do Forte	-22.886	-42.011	visual	wavecheck	http://www.waves.com.br/surf/ondas/picos/praia-do-forte/
181	Pero	-22.86	-42.02	visual	wavecheck	http://www.waves.com.br/surf/ondas/picos/pero/
182	Geriba Canto Direito	-22.781	-41.91	visual	wavecheck	http://www.waves.com.br/surf/ondas/picos/geriba-canto-direito/
183	Geriba Meio	-22.788	-41.921	visual	wavecheck	http://www.waves.com.br/surf/ondas/picos/geriba-meio/
184	Praia Grande	-22.972	-42.038	visual	wavecheck	http://www.waves.com.br/surf/ondas/picos/praia-grande/
185	Chamine	-22.95	-42.02	visual	wavecheck	http://www.waves.com.br/surf/ondas/picos/chamine/
186	Estacionamento	-22.95	-42.02	visual	wavecheck	http://www.waves.com.br/surf/ondas/picos/estacionamento/
187	Ule	-20.5396	-40.3776	visual	wavecheck	http://www.waves.com.br/surf/ondas/picos/ule/
188	Solemar	-20.31	-40.28	visual	wavecheck	http://www.waves.com.br/surf/ondas/picos/solemar-2/
189	Barrote	-20.31	-40.28	visual	wavecheck	http://www.waves.com.br/surf/ondas/picos/barrote/
190	Amigao	-20.31	-40.28	visual	wavecheck	http://www.waves.com.br/surf/ondas/picos/amigao/
191	Prainha	-14.289	-38.983	visual	wavecheck	http://www.waves.com.br/surf/ondas/picos/prainha-4/
192	Tiririca	-14.289	-38.983	visual	wavecheck	http://www.waves.com.br/surf/ondas/picos/tiririca/
193	Torrefacao	-13.0137	-38.4911	visual	wavecheck	http://www.waves.com.br/surf/ondas/picos/torrefacao/
194	Espanhol	-13.006	-38.533	visual	wavecheck	http://www.waves.com.br/surf/ondas/picos/espanhol/
195	Paciencia	-13.0111	-38.497	visual	wavecheck	http://www.waves.com.br/surf/ondas/picos/paciencia/
196	Farol da Barra	-13.011	-38.525	visual	wavecheck	http://www.waves.com.br/surf/ondas/picos/farol-da-barra/
197	Barravento	-13.011	-38.525	visual	wavecheck	http://www.waves.com.br/surf/ondas/picos/barravento/
198	Tonys	-13.012	-38.508	visual	wavecheck	http://www.waves.com.br/surf/ondas/picos/tonys/
199	Praia da Onda	-13.011	-38.525	visual	wavecheck	http://www.waves.com.br/surf/ondas/picos/praia-da-onda/
200	Pescador	-12.9867	-38.4329	visual	wavecheck	http://www.waves.com.br/surf/ondas/picos/pescador/
201	Secret	-12.945	-38.333	visual	wavecheck	http://www.waves.com.br/surf/ondas/picos/secret-2/
202	Stella	-12.936	-38.326	visual	wavecheck	http://www.waves.com.br/surf/ondas/picos/stella/
203	Canudo	-13.0067	-38.4553	visual	wavecheck	http://www.waves.com.br/surf/ondas/picos/canudo/
204	Aleluia	-12.928	-38.316	visual	wavecheck	http://www.waves.com.br/surf/ondas/picos/aleluia/
205	Villas do Atlantico	-12.9008	-38.2937	visual	wavecheck	http://www.waves.com.br/surf/ondas/picos/villas-do-atlantico/
206	Havaizinho	-10.967	-37.026	visual	wavecheck	http://www.waves.com.br/surf/ondas/picos/havaizinho/
207	Coqueiral	-9.77749	-35.8467	visual	wavecheck	http://www.waves.com.br/surf/ondas/picos/coqueiral/
208	Leprosario	-9.736	-35.814	visual	wavecheck	http://www.waves.com.br/surf/ondas/picos/leprosario/
209	Fortunato	-9.736	-35.814	visual	wavecheck	http://www.waves.com.br/surf/ondas/picos/fortunato/
210	Cupe	-8.46628	-34.9881	visual	wavecheck	http://www.waves.com.br/surf/ondas/picos/cupe/
211	Merepe	-8.50035	-35.004	visual	wavecheck	http://www.waves.com.br/surf/ondas/picos/merepe/
212	Porto de Galinhas	-8.50035	-35.004	visual	wavecheck	http://www.waves.com.br/surf/ondas/picos/porto-de-galinhas/
213	Camaroes	-8.50035	-35.004	visual	wavecheck	http://www.waves.com.br/surf/ondas/picos/camaroes/
214	Maracaipe	-8.52631	-35.0074	visual	wavecheck	http://www.waves.com.br/surf/ondas/picos/maracaipe/
215	Praia do Meio	-3.83961	-32.4132	visual	wavecheck	http://www.waves.com.br/surf/ondas/picos/praia-do-meio/
216	Praia da Conceicao	-3.84182	-32.4195	visual	wavecheck	http://www.waves.com.br/surf/ondas/picos/praia-da-conceicao/
217	Praia do Boldro	-3.84438	-32.4276	visual	wavecheck	http://www.waves.com.br/surf/ondas/picos/praia-do-boldro/
218	Praia da Baia dos Porcos	-3.85139	-32.4413	visual	wavecheck	http://www.waves.com.br/surf/ondas/picos/praia-da-baia-dos-porcos/
219	Praia da Baia do Sancho	-3.85466	-32.4444	visual	wavecheck	http://www.waves.com.br/surf/ondas/picos/praia-da-baia-do-sancho/
220	Praia do Bode	-3.84717	-32.4338	visual	wavecheck	http://www.waves.com.br/surf/ondas/picos/praia-do-bode/
221	Cacimba do Padre	-3.84956	-32.44	visual	wavecheck	http://www.waves.com.br/surf/ondas/picos/cacimba-do-padre/
222	Bessa	-7.063	-34.839	visual	wavecheck	http://www.waves.com.br/surf/ondas/picos/bessa/
223	Mar dos Macacos	-7.089	-34.831	visual	wavecheck	http://www.waves.com.br/surf/ondas/picos/mar-dos-macacos/
224	Pipa Amor	-6.25	-35.2	visual	wavecheck	http://www.waves.com.br/surf/ondas/picos/pipa-amor/
225	Pipa Lajao	-6.25	-35.2	visual	wavecheck	http://www.waves.com.br/surf/ondas/picos/pipa-lajao/
226	Pipa Lajinha	-6.25	-35.2	visual	wavecheck	http://www.waves.com.br/surf/ondas/picos/pipa-lajinha/
227	Pontal	-5.792	-35.185	visual	wavecheck	http://www.waves.com.br/surf/ondas/picos/pontal/
228	Porto	-5.792	-35.185	visual	wavecheck	http://www.waves.com.br/surf/ondas/picos/porto/
229	Mar Aberto	-5.792	-35.185	visual	wavecheck	http://www.waves.com.br/surf/ondas/picos/mar-aberto/
230	Manary	-5.792	-35.185	visual	wavecheck	http://www.waves.com.br/surf/ondas/picos/manary/
231	Sesc	-5.792	-35.185	visual	wavecheck	http://www.waves.com.br/surf/ondas/picos/sesc/
232	Miami	-5.79218	-35.1853	visual	wavecheck	http://www.waves.com.br/surf/ondas/picos/miami/
233	Posto B	-5.879	-35.167	visual	wavecheck	http://www.waves.com.br/surf/ondas/picos/posto-b/
234	Tabatinga	-6.04616	-35.1087	visual	wavecheck	http://www.waves.com.br/surf/ondas/picos/tabatinga-2/
235	Artistas	-5.792	-35.185	visual	wavecheck	http://www.waves.com.br/surf/ondas/picos/artistas/
236	Astral	-5.792	-35.185	visual	wavecheck	http://www.waves.com.br/surf/ondas/picos/astral/
237	Escadaria	-5.87646	-35.1754	visual	wavecheck	http://www.waves.com.br/surf/ondas/picos/escadaria/
238	Praia do Futuro	-3.753	-38.441	visual	wavecheck	http://www.waves.com.br/surf/ondas/picos/praia-do-futuro/
239	Titanzinho	-3.70696	-38.4675	visual	wavecheck	http://www.waves.com.br/surf/ondas/picos/titanzinho/
240	Praia do Vizinho	-3.70864	-38.4618	visual	wavecheck	http://www.waves.com.br/surf/ondas/picos/praia-do-vizinho/
241	Portao	-3.753	-38.441	visual	wavecheck	http://www.waves.com.br/surf/ondas/picos/portao/
242	Leste Oeste	-3.71429	-38.5404	visual	wavecheck	http://www.waves.com.br/surf/ondas/picos/leste-oeste/
243	Icarai	-3.68622	-38.6341	visual	wavecheck	http://www.waves.com.br/surf/ondas/picos/icarai/
244	Taiba	-3.49889	-38.9147	visual	wavecheck	http://www.waves.com.br/surf/ondas/picos/taiba/
245	Atalaia	-2.78584	-41.5679	visual	wavecheck	http://www.waves.com.br/surf/ondas/picos/atalaia/
246	Ponta DAreia	-2.498	-44.318	visual	wavecheck	http://www.waves.com.br/surf/ondas/picos/ponta-dareia/
247	Sao Marcos	-2.487	-44.292	visual	wavecheck	http://www.waves.com.br/surf/ondas/picos/sao-marcos/
248	Farol velho	-0.593357	-47.3249	visual	wavecheck	http://www.waves.com.br/surf/ondas/picos/farol-velho/
249	Atalaia	-0.595103	-47.3015	visual	wavecheck	http://www.waves.com.br/surf/ondas/picos/atalaia-2/
250	Prainha - Canto Direito	-23.0423	-43.5072	visual	ricosurf	https://ricosurf.com.br/boletim-das-ondas/rio-janeiro/prainha-canto-direito
251	Macumba - CCB	-23.0316	-43.4761	visual	ricosurf	https://ricosurf.com.br/boletim-das-ondas/rio-janeiro/macumba-ccb
252	Recreio - Canto	-23.0299	-43.4673	visual	ricosurf	https://ricosurf.com.br/boletim-das-ondas/rio-janeiro/recreio-canto
253	Barra - Posto 6 - Quiosque Piratas - BarraBela	-23.011	-43.3451	visual	ricosurf	https://ricosurf.com.br/boletim-das-ondas/rio-janeiro/barra-posto-6-quiosque-piratas-barrabela
254	Rico Point Barra direcao P5ao vivo	-23.0112	-43.3387	visual	ricosurf	https://ricosurf.com.br/boletim-das-ondas/rio-janeiro/rico-point-barra-direcao-p5
255	Prainha	-23.0408	-43.5048	visual	ricosurf	https://ricosurf.com.br/boletim-das-ondas/rio-janeiro/prainha
256	Macumba - Rico Pointao vivo	-23.0315	-43.4761	visual	ricosurf	https://ricosurf.com.br/boletim-das-ondas/rio-janeiro/macumba-rico-point
257	Recreio - Posto 11	-23.0298	-43.4666	visual	ricosurf	https://ricosurf.com.br/boletim-das-ondas/rio-janeiro/recreio-posto-11
258	Barra - Rico Point - Posto 55ao vivo	-23.0112	-43.3387	visual	ricosurf	https://ricosurf.com.br/boletim-das-ondas/rio-janeiro/barra-rico-point-posto-55
259	Barra Posto 4 - Hotel WYNDHAM	-23.0123	-43.327	visual	ricosurf	https://ricosurf.com.br/boletim-das-ondas/rio-janeiro/barra-posto-4-hotel-wyndham
260	Macumba - Secreto	-23.0369	-43.4954	visual	ricosurf	https://ricosurf.com.br/boletim-das-ondas/rio-janeiro/macumba-secreto
261	Macumba - 2Wao vivo	-23.0345	-43.4883	visual	ricosurf	https://ricosurf.com.br/boletim-das-ondas/rio-janeiro/macumba-2w
262	Recreio - Posto 10	-23.0262	-43.4579	visual	ricosurf	https://ricosurf.com.br/boletim-das-ondas/rio-janeiro/recreio-posto-10
263	Rico Point Barra direcao P6ao vivo	-23.0113	-43.3374	visual	ricosurf	https://ricosurf.com.br/boletim-das-ondas/rio-janeiro/rico-point-barra-direcao-p6
264	Sao Conrado - Canto Esquerdo	-22.9995	-43.2561	visual	ricosurf	https://ricosurf.com.br/boletim-das-ondas/rio-janeiro/sao-conrado-canto-esquerdo
265	Ipanema - Posto 8	-22.9881	-43.1971	visual	ricosurf	https://ricosurf.com.br/boletim-das-ondas/rio-janeiro/ipanema-posto-8
266	Copacabana - Posto 6	-22.985	-43.1887	visual	ricosurf	https://ricosurf.com.br/boletim-das-ondas/rio-janeiro/copacabana-posto-6
267	Leblon - Canto	-22.9881	-43.2233	visual	ricosurf	https://ricosurf.com.br/boletim-das-ondas/rio-janeiro/leblon-canto
268	Arpoador	-22.9895	-43.1919	visual	ricosurf	https://ricosurf.com.br/boletim-das-ondas/rio-janeiro/arpoador
269	Copacabana - Posto 5	-22.9806	-43.1888	visual	ricosurf	https://ricosurf.com.br/boletim-das-ondas/rio-janeiro/copacabana-posto-5
270	Ipanema - Garcia davila	-22.9873	-43.2093	visual	ricosurf	https://ricosurf.com.br/boletim-das-ondas/rio-janeiro/ipanema-garcia-davila
271	Praia do Diabo	-22.9886	-43.1896	visual	ricosurf	https://ricosurf.com.br/boletim-das-ondas/rio-janeiro/praia-diabo
272	Praia do Leme	-22.9648	-43.1688	visual	ricosurf	https://ricosurf.com.br/boletim-das-ondas/rio-janeiro/praia-leme
273	Itacoatiara - Pampo	-22.9746	-43.0364	visual	ricosurf	https://ricosurf.com.br/boletim-das-ondas/rio-janeiro/itacoatiara-pampo
274	Itacoatiara - Meio	-22.9748	-43.0336	visual	ricosurf	https://ricosurf.com.br/boletim-das-ondas/rio-janeiro/itacoatiara-meio
275	Itacoatiara - Costao	-22.9758	-43.0305	visual	ricosurf	https://ricosurf.com.br/boletim-das-ondas/rio-janeiro/itacoatiara-costao
276	Figueira de Arraial do Cabo	-22.9466	-42.1609	visual	ricosurf	https://ricosurf.com.br/boletim-das-ondas/rio-janeiro/figueira-arraial-cabo
277	Cabo Frio - Praia do Forte	-22.8885	-42.0191	visual	ricosurf	https://ricosurf.com.br/boletim-das-ondas/rio-janeiro/cabo-frio-praia-forte
278	Saquarema - Praia da Vila	-22.9336	-42.5177	visual	ricosurf	https://ricosurf.com.br/boletim-das-ondas/rio-janeiro/saquarema-praia-vila
279	Cabo Frio - Praia do Peró	-22.8585	-41.9862	visual	ricosurf	https://ricosurf.com.br/boletim-das-ondas/rio-janeiro/cabo-frio-praia-pero
280	Saquarema - Itauna	-22.9371	-42.4785	visual	ricosurf	https://ricosurf.com.br/boletim-das-ondas/rio-janeiro/saquarema-itauna
281	Buzios - Geriba	-22.7796	-41.9111	visual	ricosurf	https://ricosurf.com.br/boletim-das-ondas/rio-janeiro/buzios-geriba
282	Imbituba - Porto de Imbituba	-28.2406	-48.6586	meterological_station	epagri	1055
283	Balneário Barra do Sul - BE	-26.4867	-48.6203	meterological_station	epagri	1060
284	Balneario Arroio do Silva - BOOA/UFSC	-28.9628	-49.3803	meterological_station	epagri	1066
285	BRASILIA	-15.7893	-47.9258	meterological_station	inmet	A001
286	GOIANIA	-16.6428	-49.2202	meterological_station	inmet	A002
287	MORRINHOS	-17.7451	-49.1017	meterological_station	inmet	A003
288	PORANGATU	-13.3095	-49.1175	meterological_station	inmet	A005
289	PALMAS	-10.1907	-48.3018	meterological_station	inmet	A009
290	PARANA	-12.615	-47.8719	meterological_station	inmet	A010
291	SAO SIMAO	-18.9691	-50.6334	meterological_station	inmet	A011
292	LUZIANIA	-16.2606	-47.9669	meterological_station	inmet	A012
293	ARAGARCAS	-15.9027	-52.2452	meterological_station	inmet	A013
294	GOIAS	-15.9397	-50.1414	meterological_station	inmet	A014
295	ITAPACI	-14.9798	-49.54	meterological_station	inmet	A015
296	JATAI	-17.9236	-51.7175	meterological_station	inmet	A016
297	POSSE	-14.0892	-46.3664	meterological_station	inmet	A017
298	PEIXE	-12.0154	-48.5445	meterological_station	inmet	A018
299	GURUPI	-11.7458	-49.0497	meterological_station	inmet	A019
300	PEDRO AFONSO	-8.96868	-48.1773	meterological_station	inmet	A020
301	ARAGUAINA	-7.10395	-48.2012	meterological_station	inmet	A021
302	GOIANESIA	-15.2203	-48.99	meterological_station	inmet	A022
303	CAIAPONIA	-16.9669	-51.8175	meterological_station	inmet	A023
304	ALTO PARAISO DE GOIAS	-14.1331	-47.5233	meterological_station	inmet	A024
305	RIO VERDE	-17.7853	-50.9649	meterological_station	inmet	A025
306	MINEIROS	-17.4547	-52.6011	meterological_station	inmet	A026
307	PARAUNA	-16.9625	-50.4254	meterological_station	inmet	A027
308	IPORA	-16.4231	-51.1488	meterological_station	inmet	A028
309	EDEIA	-17.3369	-49.9147	meterological_station	inmet	A029
310	SAO MIGUEL DO ARAGUAIA	-12.8205	-50.336	meterological_station	inmet	A031
311	MONTE ALEGRE DE GOIAS	-13.2535	-46.8903	meterological_station	inmet	A032
312	PIRES DO RIO	-17.3042	-48.2842	meterological_station	inmet	A033
313	CATALAO	-18.1548	-47.9276	meterological_station	inmet	A034
314	ITUMBIARA	-18.4098	-49.1921	meterological_station	inmet	A035
315	CRISTALINA	-16.7849	-47.613	meterological_station	inmet	A036
316	SILVANIA	-16.6798	-48.6182	meterological_station	inmet	A037
317	DIANOPOLIS	-11.5944	-46.8472	meterological_station	inmet	A038
318	FORMOSO DO ARAGUAIA	-11.8875	-49.6083	meterological_station	inmet	A039
319	MATEIROS	-10.4344	-45.9219	meterological_station	inmet	A040
320	MARIANOPOLIS DO TO	-9.57639	-49.7233	meterological_station	inmet	A041
321	BRAZLANDIA	-15.5997	-48.1311	meterological_station	inmet	A042
322	CAMPOS LINDOS	-8.15472	-46.6394	meterological_station	inmet	A043
323	ARAGUATINS	-5.64372	-48.1118	meterological_station	inmet	A044
324	AGUAS EMENDADAS	-15.5965	-47.6258	meterological_station	inmet	A045
325	GAMA (PONTE ALTA)	-15.9353	-48.1375	meterological_station	inmet	A046
326	PARANOA (COOPA-DF)	-16.0122	-47.5574	meterological_station	inmet	A047
327	SANTA FE DO ARAGUAIA	-7.12419	-48.7813	meterological_station	inmet	A048
328	COLINAS DO TOCANTINS	-8.09271	-48.4786	meterological_station	inmet	A049
329	RIO SONO	-9.79336	-47.1327	meterological_station	inmet	A050
330	PIUM	-10.4769	-49.6295	meterological_station	inmet	A051
331	SANTA ROSA DO TOCANTINS	-11.429	-48.1849	meterological_station	inmet	A052
332	ALMAS	-11.2841	-47.2121	meterological_station	inmet	A053
333	ARAGUACU	-12.5922	-49.5287	meterological_station	inmet	A054
334	LAGOA DA CONFUSAO	-10.8283	-49.8479	meterological_station	inmet	A055
335	CRISTALINA (FAZENDA SANTA MONICA)	-16.3994	-47.6258	meterological_station	inmet	A056
336	MANAUS	-3.10361	-60.0156	meterological_station	inmet	A101
337	PARQUE ESTADUAL CHANDLESS	-9.35833	-69.9264	meterological_station	inmet	A102
338	RIO BRANCO	-9.95778	-68.1653	meterological_station	inmet	A104
339	CRUZEIRO DO SUL	-7.61077	-72.6813	meterological_station	inmet	A108
340	EIRUNEPE	-6.65028	-69.8686	meterological_station	inmet	A109
341	BOCA DO ACRE	-8.7768	-67.3326	meterological_station	inmet	A110
342	LABREA	-7.26068	-64.7885	meterological_station	inmet	A111
343	HUMAITA	-7.55252	-63.0713	meterological_station	inmet	A112
344	APUI	-7.20547	-59.8886	meterological_station	inmet	A113
345	COARI	-4.09748	-63.1453	meterological_station	inmet	A117
346	MANACAPURU	-3.29472	-60.6283	meterological_station	inmet	A119
347	AUTAZES	-3.58333	-59.1294	meterological_station	inmet	A120
348	ITACOATIARA	-3.13333	-58.4828	meterological_station	inmet	A121
349	MAUES	-3.39889	-57.6739	meterological_station	inmet	A122
350	PARINTINS	-2.63915	-56.7562	meterological_station	inmet	A123
351	URUCARA	-2.53475	-57.7581	meterological_station	inmet	A124
352	RIO URUBU	-2.63365	-59.6006	meterological_station	inmet	A125
353	PRESIDENTE FIGUEIREDO	-2.05667	-60.0258	meterological_station	inmet	A126
354	BARCELOS	-0.987222	-62.9242	meterological_station	inmet	A128
355	MANICORE	-5.78861	-61.2883	meterological_station	inmet	A133
356	S. G. DA CACHOEIRA	-0.125207	-67.0612	meterological_station	inmet	A134
357	BOA VISTA	2.8169	-60.6908	meterological_station	inmet	A135
358	PORTO WALTER	-8.2672	-72.7478	meterological_station	inmet	A136
359	MARECHAL THAUMATURGO	-8.95	-72.7867	meterological_station	inmet	A137
360	FEIJO	-8.14265	-70.3436	meterological_station	inmet	A138
361	EPITACIOLANDIA	-11.0238	-68.7352	meterological_station	inmet	A140
362	NOVO ARIPUANA	-8.09111	-60.3806	meterological_station	inmet	A144
363	BELEM	-1.41123	-48.4395	meterological_station	inmet	A201
364	CASTANHAL	-1.30087	-47.948	meterological_station	inmet	A202
365	SAO LUIS	-2.52667	-44.2136	meterological_station	inmet	A203
366	BALSAS	-7.45561	-46.0275	meterological_station	inmet	A204
367	CAROLINA	-7.33727	-47.4598	meterological_station	inmet	A205
368	CHAPADINHA	-3.74267	-43.3521	meterological_station	inmet	A206
369	GRAJAU	-5.81611	-46.1622	meterological_station	inmet	A207
370	MEDICILANDIA	-3.51094	-52.9635	meterological_station	inmet	A209
371	PACAJA	-3.84361	-50.6381	meterological_station	inmet	A210
372	PLACAS	-3.86404	-54.2164	meterological_station	inmet	A211
373	PARAGOMINAS	-2.99028	-47.4078	meterological_station	inmet	A212
374	TOME ACU	-2.5925	-48.3606	meterological_station	inmet	A213
375	RONDON DO PARA	-4.8275	-48.1736	meterological_station	inmet	A214
376	SALINOPOLIS	-0.618884	-47.3566	meterological_station	inmet	A215
377	SAO FELIX DO XINGU	-6.63962	-51.957	meterological_station	inmet	A216
378	FAROL de SANTANA	-2.27081	-43.624	meterological_station	inmet	A217
379	PREGUICAS	-2.59234	-42.7076	meterological_station	inmet	A218
380	TURIACU	-1.66122	-45.3726	meterological_station	inmet	A219
381	BACABAL	-4.24306	-44.795	meterological_station	inmet	A220
382	BARRA DO CORDA	-5.50667	-45.2369	meterological_station	inmet	A221
383	COLINAS	-6.03317	-44.2334	meterological_station	inmet	A222
384	ALTO PARNAIBA	-9.1082	-45.932	meterological_station	inmet	A223
385	ESTREITO	-6.65333	-47.4183	meterological_station	inmet	A224
386	IMPERATRIZ	-5.55572	-47.4598	meterological_station	inmet	A225
387	BRAGANCA	-1.04726	-46.7858	meterological_station	inmet	A226
388	SOURE	-0.727778	-48.5158	meterological_station	inmet	A227
389	BREVES	-1.68025	-50.4781	meterological_station	inmet	A228
390	TUCURUI	-3.82278	-49.675	meterological_station	inmet	A229
391	SERRA DOS CARAJAS	-6.07743	-50.1423	meterological_station	inmet	A230
392	ITAITUBA	-4.27694	-55.9931	meterological_station	inmet	A231
393	OBIDOS	-1.88079	-55.5199	meterological_station	inmet	A232
394	SANTANA DO ARAGUAIA	-9.33861	-50.3503	meterological_station	inmet	A233
395	TUCUMA	-6.74321	-51.1419	meterological_station	inmet	A234
396	NOVO REPARTIMENTO	-4.24399	-49.9393	meterological_station	inmet	A235
397	CAMETA	-2.23965	-49.4998	meterological_station	inmet	A236
398	CAXIAS	-4.82135	-43.3437	meterological_station	inmet	A237
399	BURITICUPU	-4.3206	-46.4495	meterological_station	inmet	A238
400	MONTE ALEGRE	-2.00005	-54.0765	meterological_station	inmet	A239
401	MARABA	-5.36645	-49.0512	meterological_station	inmet	A240
402	CONCEICAO DO ARAGUAIA	-8.30361	-49.2828	meterological_station	inmet	A241
403	OIAPOQUE	3.81358	-51.8625	meterological_station	inmet	A242
404	PORTO GRANDE	0.694167	-51.4039	meterological_station	inmet	A244
405	MINA DO PALITO	-6.32007	-55.7878	meterological_station	inmet	A246
406	XINGUARA	-7.11052	-49.9261	meterological_station	inmet	A247
407	CAPITAO POCO	-1.73477	-47.0575	meterological_station	inmet	A248
408	MACAPA	0.03502	-51.0888	meterological_station	inmet	A249
409	SANTAREM	-2.50257	-54.7203	meterological_station	inmet	A250
410	ITAUBAL	0.567833	-50.8235	meterological_station	inmet	A251
411	DOM ELISEU	-4.28056	-47.5639	meterological_station	inmet	A252
412	ALTAMIRA	-3.27028	-52.3947	meterological_station	inmet	A253
413	REDENCAO	-8.04333	-50.0069	meterological_station	inmet	A254
414	ZE DOCA	-3.26917	-45.6511	meterological_station	inmet	A255
415	RECIFE	-8.05928	-34.9592	meterological_station	inmet	A301
416	ARQ.SAO PEDRO E SAO PAULO	0.916877	-29.3459	meterological_station	inmet	A302
417	MACEIO	-9.55111	-35.7703	meterological_station	inmet	A303
418	NATAL	-5.83722	-35.2081	meterological_station	inmet	A304
419	FORTALEZA	-3.8157	-38.5378	meterological_station	inmet	A305
420	SOBRAL	-3.74806	-40.3458	meterological_station	inmet	A306
421	PETROLINA	-9.38832	-40.5233	meterological_station	inmet	A307
422	PARNAIBA	-3.08666	-41.7831	meterological_station	inmet	A308
423	ARCO VERDE	-8.43361	-37.0556	meterological_station	inmet	A309
424	AREIA	-6.97545	-35.7181	meterological_station	inmet	A310
425	FLORIANO	-6.76139	-43.0033	meterological_station	inmet	A311
426	TERESINA	-5.03477	-42.8013	meterological_station	inmet	A312
427	CAMPINA GRANDE	-7.22557	-35.9048	meterological_station	inmet	A313
428	GUARAMIRANGA	-4.26135	-38.9311	meterological_station	inmet	A314
429	BARBALHA	-7.30083	-39.2711	meterological_station	inmet	A315
430	CAICO	-6.4675	-37.085	meterological_station	inmet	A316
431	MACAU	-5.15111	-36.5731	meterological_station	inmet	A317
432	MOSSORO	-4.90409	-37.3669	meterological_station	inmet	A318
433	IGUATU	-6.39638	-39.269	meterological_station	inmet	A319
434	JOAO PESSOA	-7.16541	-34.8156	meterological_station	inmet	A320
435	PATOS	-7.07972	-37.2728	meterological_station	inmet	A321
436	GARANHUNS	-8.91095	-36.4934	meterological_station	inmet	A322
437	PAO DE ACUCAR	-9.74922	-37.4308	meterological_station	inmet	A323
438	TAUA	-6.01747	-40.2813	meterological_station	inmet	A324
439	QUIXERAMOBIM	-5.17457	-39.2894	meterological_station	inmet	A325
440	BOM JESUS DO PIAUI	-9.08333	-44.3264	meterological_station	inmet	A326
441	PALMEIRA DOS INDIOS	-9.42028	-36.6203	meterological_station	inmet	A327
442	SURUBIM	-7.83972	-35.8011	meterological_station	inmet	A328
443	CABROBO	-8.504	-39.3153	meterological_station	inmet	A329
444	PAULISTANA	-8.13229	-41.1429	meterological_station	inmet	A330
445	SAO JOAO DO PIAUI	-8.36444	-42.2525	meterological_station	inmet	A331
446	MORADA NOVA	-5.13667	-38.3567	meterological_station	inmet	A332
447	SAO GONCALO	-6.83578	-38.3116	meterological_station	inmet	A333
448	MONTEIRO	-7.89444	-37.1247	meterological_station	inmet	A334
449	PIRIPIRI	-4.27605	-41.7946	meterological_station	inmet	A335
450	ALVORADA DO GURGUEIA	-8.44167	-43.8656	meterological_station	inmet	A336
451	CARACOL	-9.28583	-43.3244	meterological_station	inmet	A337
452	JAGUARUANA	-4.78694	-37.7667	meterological_station	inmet	A339
453	APODI	-5.62656	-37.815	meterological_station	inmet	A340
454	CARUARU	-8.36528	-36.0283	meterological_station	inmet	A341
455	CRATEUS	-5.18664	-40.6721	meterological_station	inmet	A342
456	PICOS	-7.07111	-41.4042	meterological_station	inmet	A343
457	CALCANHAR	-5.15992	-35.4876	meterological_station	inmet	A344
458	SAO RAIMUNDO NONATO	-9.03333	-42.7011	meterological_station	inmet	A345
459	URUCUI	-7.44142	-44.3451	meterological_station	inmet	A346
460	CAMPOS SALES	-7.07773	-40.3627	meterological_station	inmet	A347
461	CABACEIRAS	-7.48321	-36.2865	meterological_station	inmet	A348
462	IBIMIRIM	-8.50944	-37.7117	meterological_station	inmet	A349
463	SERRA TALHADA	-7.95428	-38.2951	meterological_station	inmet	A350
464	FLORESTA	-8.59879	-38.5841	meterological_station	inmet	A351
465	CAMARATUBA	-6.56194	-35.1353	meterological_station	inmet	A352
466	ARAPIRACA	-9.80444	-36.6192	meterological_station	inmet	A353
467	OEIRAS	-6.97413	-42.1468	meterological_station	inmet	A354
468	CORURIPE	-10.1286	-36.2864	meterological_station	inmet	A355
469	SAO LUIS DO QUITUNDE	-9.28748	-35.5659	meterological_station	inmet	A356
470	PALMARES	-8.66667	-35.5681	meterological_station	inmet	A357
471	JAGUARIBE	-5.90556	-38.6278	meterological_station	inmet	A358
472	ITAPIPOCA	-3.4843	-39.5887	meterological_station	inmet	A359
473	ACARAU	-3.12107	-40.0873	meterological_station	inmet	A360
474	CASTELO DO PIAUI	-5.34923	-41.5123	meterological_station	inmet	A361
475	VALENCA DO PIAUI	-6.39927	-41.74	meterological_station	inmet	A363
476	GILBUES	-9.8752	-45.3458	meterological_station	inmet	A364
477	CANTO DO BURITI	-8.11794	-42.9757	meterological_station	inmet	A365
478	OURICURI	-7.88583	-40.1028	meterological_station	inmet	A366
479	SANTA CRUZ	-6.22792	-36.0266	meterological_station	inmet	A367
480	TIANGUA	-3.73217	-41.0119	meterological_station	inmet	A368
481	QUIXADA	-4.97878	-39.0572	meterological_station	inmet	A369
482	SALGUEIRO	-8.05806	-39.0961	meterological_station	inmet	A370
483	PIRANHAS	-9.62226	-37.7671	meterological_station	inmet	A371
484	IPANGUACU	-5.53487	-36.8723	meterological_station	inmet	A372
485	ITAPORANGA	-7.31847	-38.1408	meterological_station	inmet	A373
486	CORRENTE	-10.4292	-45.1731	meterological_station	inmet	A374
487	BAIXA GRANDE DO RIBEIRO	-8.33353	-45.0946	meterological_station	inmet	A375
488	CAMPO MAIOR	-4.86417	-42.1456	meterological_station	inmet	A376
489	ANGICAL DO PIAUI	-6.08944	-42.7275	meterological_station	inmet	A377
490	SALVADOR	-13.0055	-38.5058	meterological_station	inmet	A401
491	BARREIRAS	-12.1247	-45.0269	meterological_station	inmet	A402
492	LUIZ EDUARDO MAGALHAES	-12.1524	-45.8297	meterological_station	inmet	A404
493	CARAVELAS	-17.7394	-39.2586	meterological_station	inmet	A405
494	CRUZ DAS ALMAS	-12.6754	-39.0896	meterological_station	inmet	A406
495	ITIRUCU	-13.5278	-40.1198	meterological_station	inmet	A407
496	ITABERABA	-12.5242	-40.2997	meterological_station	inmet	A408
497	ARACAJU	-10.9524	-37.0543	meterological_station	inmet	A409
498	ILHEUS	-14.6588	-39.1814	meterological_station	inmet	A410
499	MACAJUBA	-12.1317	-40.3542	meterological_station	inmet	A412
500	FEIRA DE SANTANA	-12.1962	-38.9674	meterological_station	inmet	A413
501	VITORIA DA CONQUISTA	-14.8864	-40.8013	meterological_station	inmet	A414
502	SANTA RITA DE CASSIA	-11.0028	-44.525	meterological_station	inmet	A415
503	CORRENTINA	-13.3325	-44.6175	meterological_station	inmet	A416
504	ITABAIANINHA	-11.2725	-37.795	meterological_station	inmet	A417
505	BOM JESUS DA LAPA	-13.2511	-43.4054	meterological_station	inmet	A418
506	POCO VERDE	-10.7381	-38.1083	meterological_station	inmet	A419
507	CARIRA	-10.3997	-37.7475	meterological_station	inmet	A420
508	BREJO GRANDE	-10474	-36.4821	meterological_station	inmet	A421
509	ABROLHOS	-17.963	-38.7033	meterological_station	inmet	A422
510	REMANSO	-9.62569	-42.0772	meterological_station	inmet	A423
511	IRECE	-11.329	-41.8645	meterological_station	inmet	A424
512	LENCOIS	-12.5579	-41.3888	meterological_station	inmet	A425
513	GUANAMBI	-14.2081	-42.7496	meterological_station	inmet	A426
514	PORTO SEGURO	-16.389	-39.1824	meterological_station	inmet	A427
515	SENHOR DO BONFIM	-10.4431	-40.1482	meterological_station	inmet	A428
516	BARRA	-11.0849	-43.139	meterological_station	inmet	A429
517	PIATA	-13.1557	-41.7741	meterological_station	inmet	A430
518	CONDE	-12.0358	-37.6839	meterological_station	inmet	A431
519	BURITIRAMA	-10.7231	-43.6511	meterological_station	inmet	A432
520	BRUMADO	-14.1819	-41.6723	meterological_station	inmet	A433
521	AMARGOSA	-13.0095	-39.6169	meterological_station	inmet	A434
522	UAUA	-9.83362	-39.4956	meterological_station	inmet	A435
523	QUEIMADAS	-10.9846	-39.617	meterological_station	inmet	A436
524	UNA	-15.2803	-39.0914	meterological_station	inmet	A437
525	MARAU	-13.9069	-38.9722	meterological_station	inmet	A438
526	IBOTIRAMA	-12.1931	-43.2133	meterological_station	inmet	A439
527	JACOBINA	-11.205	-40.465	meterological_station	inmet	A440
528	SERRINHA	-11.6647	-39.0231	meterological_station	inmet	A441
529	EUCLIDES DA CUNHA	-10.5372	-38.9966	meterological_station	inmet	A442
530	DELFINO	-10.455	-41.2069	meterological_station	inmet	A443
531	VALENCA	-13.3436	-39.1267	meterological_station	inmet	A444
532	IPIAU	-14.1714	-39.6925	meterological_station	inmet	A445
533	ITAPETINGA	-15.2446	-40.2295	meterological_station	inmet	A446
534	BELMONTE	-16.0881	-39.2153	meterological_station	inmet	A447
535	CURACA	-9.00139	-39.9125	meterological_station	inmet	A448
536	PILAO ARCADO	-10.0183	-42.5003	meterological_station	inmet	A449
537	JEREMOABO	-10.0808	-38.3458	meterological_station	inmet	A450
538	ITABAIANA	-10.6717	-37.4714	meterological_station	inmet	A451
539	FORMOSO DO RIO PRETO	-11.0522	-45.2008	meterological_station	inmet	A452
540	NOSSA SENHORA DA GLORIA	-10.2078	-37.4319	meterological_station	inmet	A453
541	ITAMARAJU	-17.0069	-39.5581	meterological_station	inmet	A455
542	SALVADOR (RADIO FAROL)	-12.8083	-38.4958	meterological_station	inmet	A456
543	RIBEIRA DO AMPARO	-11.0586	-38.4442	meterological_station	inmet	A458
544	BARBACENA	-21.2284	-43.7677	meterological_station	inmet	A502
545	ARAXA	-19.6057	-46.9496	meterological_station	inmet	A505
546	MONTES CLAROS	-16.6863	-43.8438	meterological_station	inmet	A506
547	UBERLANDIA	-18.9169	-48.2556	meterological_station	inmet	A507
548	ALMENARA	-16.1668	-40.6878	meterological_station	inmet	A508
549	MONTE VERDE	-22.8616	-46.0434	meterological_station	inmet	A509
550	VICOSA	-20.7626	-42.864	meterological_station	inmet	A510
551	TIMOTEO	-19.5738	-42.6224	meterological_station	inmet	A511
552	ITUIUTABA	-18.9529	-49.5251	meterological_station	inmet	A512
553	OURO BRANCO	-20.5566	-43.7562	meterological_station	inmet	A513
554	SAO JOAO DEL REI	-21.1065	-44.2509	meterological_station	inmet	A514
555	VARGINHA	-21.5664	-45.4042	meterological_station	inmet	A515
556	PASSOS	-20.7452	-46.6339	meterological_station	inmet	A516
557	MURIAE	-21.1049	-42.3759	meterological_station	inmet	A517
558	JUIZ DE FORA	-21.77	-43.3643	meterological_station	inmet	A518
559	CAMPINA VERDE	-19.5392	-49.5181	meterological_station	inmet	A519
560	CONCEICAO DAS ALAGOAS	-19.9859	-48.1516	meterological_station	inmet	A520
561	PAMPULHA	-19.8839	-43.9694	meterological_station	inmet	A521
562	SERRA DOS AIMORES	-17.7988	-40.2499	meterological_station	inmet	A522
563	PATROCINIO	-18.9967	-46.9859	meterological_station	inmet	A523
564	FORMIGA	-20.4549	-45.4538	meterological_station	inmet	A524
565	SACRAMENTO	-19.8753	-47.4342	meterological_station	inmet	A525
566	MONTALVANIA	-14.4082	-44.4041	meterological_station	inmet	A526
567	TEOFILO OTONI	-17.8928	-41.5154	meterological_station	inmet	A527
568	TRES MARIAS	-18.2009	-45.4598	meterological_station	inmet	A528
569	PASSA QUATRO	-22.3958	-44.9619	meterological_station	inmet	A529
570	CALDAS	-21.9181	-46.383	meterological_station	inmet	A530
571	MARIA DA FE	-22.3146	-45.3731	meterological_station	inmet	A531
572	GOVERNADOR VALADARES	-18.8304	-41.977	meterological_station	inmet	A532
573	GUANHAES	-18.7868	-42.9429	meterological_station	inmet	A533
574	AIMORES	-19.5328	-41.0908	meterological_station	inmet	A534
575	FLORESTAL	-19.8854	-44.4169	meterological_station	inmet	A535
576	DORES DO INDAIA	-19.4819	-45.5939	meterological_station	inmet	A536
577	DIAMANTINA	-18.2311	-43.6483	meterological_station	inmet	A537
578	CURVELO	-18.7477	-44.4538	meterological_station	inmet	A538
579	MOCAMBINHO	-15.086	-44.016	meterological_station	inmet	A539
580	MANTENA	-18.7806	-40.9865	meterological_station	inmet	A540
581	CAPELINHA	-17.7055	-42.3893	meterological_station	inmet	A541
582	UNAI	-16.5541	-46.8819	meterological_station	inmet	A542
583	ESPINOSA	-14.9122	-42.8086	meterological_station	inmet	A543
584	BURITIS	-15.5242	-46.4356	meterological_station	inmet	A544
585	PIRAPORA	-17.2581	-44.8356	meterological_station	inmet	A545
586	GUARDA-MOR	-17.5614	-47.1992	meterological_station	inmet	A546
587	SAO ROMAO	-16.3627	-45.1238	meterological_station	inmet	A547
588	CHAPADA GAUCHA	-15.3002	-45.6174	meterological_station	inmet	A548
589	AGUAS VERMELHAS	-15.7515	-41.4578	meterological_station	inmet	A549
590	ITAOBIM	-16.5757	-41.4856	meterological_station	inmet	A550
591	RIO PARDO DE MINAS	-15.7231	-42.4358	meterological_station	inmet	A551
592	SALINAS	-16.1603	-42.3103	meterological_station	inmet	A552
593	JOAO PINHEIRO	-17.7845	-46.1194	meterological_station	inmet	A553
594	CARATINGA	-19.7358	-42.1371	meterological_station	inmet	A554
595	IBIRITE (ROLA MOCA)	-20.0315	-44.0112	meterological_station	inmet	A555
596	MANHUACU	-20.2634	-42.1828	meterological_station	inmet	A556
597	CORONEL PACHECO	-21.5467	-43.261	meterological_station	inmet	A557
598	JANUARIA	-15.4481	-44.3663	meterological_station	inmet	A559
599	SAO SEBASTIAO DO PARAISO	-20.9099	-47.1143	meterological_station	inmet	A561
600	PATOS DE MINAS	-18.5207	-46.4406	meterological_station	inmet	A562
601	JANAUBA	-15.8028	-43.2969	meterological_station	inmet	A563
602	DIVINOPOLIS	-20.1733	-44.8749	meterological_station	inmet	A564
603	BAMBUI	-20.0311	-46.0089	meterological_station	inmet	A565
604	ARACUAI	-16.8489	-42.4406	meterological_station	inmet	A566
605	MACHADO	-21.6807	-45.9444	meterological_station	inmet	A567
606	UBERABA	-19.71	-47.9619	meterological_station	inmet	A568
607	SETE LAGOAS	-19.4553	-44.1734	meterological_station	inmet	A569
608	OLIVEIRA	-20.7149	-44.8646	meterological_station	inmet	A570
609	PARACATU	-17.2444	-46.8817	meterological_station	inmet	A571
610	SEROPEDICA-ECOLOGIA AGRICOLA	-22.7578	-43.6847	meterological_station	inmet	A601
611	RIO DE JANEIRO-MARAMBAIA	-23.0503	-43.5956	meterological_station	inmet	A602
612	DUQUE DE CAXIAS - XEREM	-22.5897	-43.2822	meterological_station	inmet	A603
613	CAMBUCI	-21.5875	-41.9583	meterological_station	inmet	A604
614	ARRAIAL DO CABO	-22.9753	-42.0214	meterological_station	inmet	A606
615	CAMPOS DOS GOYTACAZES	-21.7147	-41.3439	meterological_station	inmet	A607
616	MACAE	-22.3761	-41.8119	meterological_station	inmet	A608
617	RESENDE	-22.4514	-44.445	meterological_station	inmet	A609
618	PICO DO COUTO	-22.4647	-43.2914	meterological_station	inmet	A610
619	VALENCA	-22.3581	-43.6956	meterological_station	inmet	A611
620	VITORIA	-20.2708	-40.3058	meterological_station	inmet	A612
621	SANTA TERESA	-19.9884	-40.5796	meterological_station	inmet	A613
622	LINHARES	-19.3569	-40.0686	meterological_station	inmet	A614
623	ALFREDO CHAVES	-20.6365	-40.7418	meterological_station	inmet	A615
624	SAO MATEUS	-18.6762	-39.8641	meterological_station	inmet	A616
625	ALEGRE	-20.7506	-41.4889	meterological_station	inmet	A617
626	TERESOPOLIS-PARQUE NACIONAL	-22.4486	-42.9869	meterological_station	inmet	A618
627	PARATI	-23.2236	-44.7269	meterological_station	inmet	A619
628	CAMPOS DOS GOYTACAZES - SAO TOME	-22.0417	-41.0517	meterological_station	inmet	A620
629	RIO DE JANEIRO - VILA MILITAR	-22.8614	-43.4114	meterological_station	inmet	A621
630	PRES. KENNEDY	-21.1008	-41.0394	meterological_station	inmet	A622
631	NOVA VENECIA	-18.6953	-40.3906	meterological_station	inmet	A623
632	NOVA FRIBURGO - SALINAS	-22.3347	-42.6769	meterological_station	inmet	A624
633	TRES RIOS	-22.0983	-43.2083	meterological_station	inmet	A625
634	RIO CLARO	-22.6536	-44.0409	meterological_station	inmet	A626
635	NITEROI	-22.8674	-43.1021	meterological_station	inmet	A627
636	ANGRA DOS REIS	-22.9757	-44.3034	meterological_station	inmet	A628
637	CARMO	-21.9387	-42.6009	meterological_station	inmet	A629
638	SANTA MARIA MADALENA	-21.9506	-42.0103	meterological_station	inmet	A630
639	ECOPORANGA	-18.2914	-40.7364	meterological_station	inmet	A631
640	MARILANDIA	-19.4072	-40.5398	meterological_station	inmet	A632
641	VENDA NOVA DO IMIGRANTE	-20.3854	-41.1899	meterological_station	inmet	A633
642	VILA VELHA	-20.4669	-40.4039	meterological_station	inmet	A634
643	ITATIAIA	-22.3739	-44.7031	meterological_station	inmet	A635
644	RIO DE JANEIRO - JACAREPAGUA	-22.9399	-43.4029	meterological_station	inmet	A636
645	RIO DE JANEIRO - FORTE DE COPACABANA	-22.9883	-43.1906	meterological_station	inmet	A652
646	AFONSO CLAUDIO	-20.1042	-41.1069	meterological_station	inmet	A657
647	SILVA JARDIM	-22.6458	-42.4156	meterological_station	inmet	A659
648	SAQUAREMA - SAMPAIO CORREIA	-22.8711	-42.6089	meterological_station	inmet	A667
649	SAO PAULO - MIRANTE	-23.4963	-46.6201	meterological_station	inmet	A701
650	CAMPO GRANDE	-20.4472	-54.7226	meterological_station	inmet	A702
651	PONTA PORA	-22.5524	-55.7163	meterological_station	inmet	A703
652	TRES LAGOAS	-20.7833	-51.7122	meterological_station	inmet	A704
653	BAURU	-22.3581	-49.0289	meterological_station	inmet	A705
654	CAMPOS DO JORDAO	-22.7502	-45.6038	meterological_station	inmet	A706
655	PRESIDENTE PRUDENTE	-22.1199	-51.4086	meterological_station	inmet	A707
656	FRANCA	-20.5844	-47.3825	meterological_station	inmet	A708
657	IVINHEMA	-22.3006	-53.8228	meterological_station	inmet	A709
658	PARANAIBA	-19.6955	-51.1818	meterological_station	inmet	A710
659	SAO CARLOS	-21.9804	-47.8839	meterological_station	inmet	A711
660	IGUAPE	-24.6717	-47.5459	meterological_station	inmet	A712
661	SOROCABA	-23.426	-47.5856	meterological_station	inmet	A713
662	ITAPEVA	-23.9819	-48.8858	meterological_station	inmet	A714
663	SAO MIGUEL ARCANJO	-23.8519	-48.1647	meterological_station	inmet	A715
664	OURINHOS	-22.949	-49.8945	meterological_station	inmet	A716
665	NHUMIRIM	-18.9887	-56.6229	meterological_station	inmet	A717
666	RANCHARIA	-22.3728	-50.9747	meterological_station	inmet	A718
667	AQUIDAUANA	-20.4756	-55.7839	meterological_station	inmet	A719
668	COXIM	-18.5122	-54.7361	meterological_station	inmet	A720
669	DOURADOS	-22.1939	-54.9114	meterological_station	inmet	A721
670	MIRANDA	-20.3956	-56.4317	meterological_station	inmet	A722
671	PORTO MURTINHO	-21.7058	-57.8867	meterological_station	inmet	A723
672	CORUMBA	-18.9967	-57.6375	meterological_station	inmet	A724
673	AVARE	-23.1017	-48.9411	meterological_station	inmet	A725
674	PIRACICABA	-22.7031	-47.6233	meterological_station	inmet	A726
675	LINS	-21.666	-49.7349	meterological_station	inmet	A727
676	TAUBATE	-23.0417	-45.5208	meterological_station	inmet	A728
677	VOTUPORANGA	-20.4032	-49.966	meterological_station	inmet	A729
678	CHAPADAO DO SUL	-18.8022	-52.6025	meterological_station	inmet	A730
679	MARACAJU	-21.609	-55.1775	meterological_station	inmet	A731
680	SAO GABRIEL DO OESTE	-19.4203	-54.5531	meterological_station	inmet	A732
681	JALES	-20.165	-50.5951	meterological_station	inmet	A733
682	VALPARAISO	-21.3191	-50.9302	meterological_station	inmet	A734
683	JOSE BONIFACIO	-21.0857	-49.9204	meterological_station	inmet	A735
684	ARIRANHA	-21.1331	-48.8406	meterological_station	inmet	A736
685	IBITINGA	-21.8556	-48.7997	meterological_station	inmet	A737
686	CASA BRANCA	-21.7806	-47.0753	meterological_station	inmet	A738
687	ITAPIRA	-22.4151	-46.8053	meterological_station	inmet	A739
688	SAO LUIS DO PARAITINGA	-23.2283	-45.4169	meterological_station	inmet	A740
689	BARRA BONITA	-22.4711	-48.5575	meterological_station	inmet	A741
690	CASSILANDIA	-19.1225	-51.7207	meterological_station	inmet	A742
691	RIO BRILHANTE	-21.7749	-54.5281	meterological_station	inmet	A743
692	BRAGANCA PAULISTA	-23.952	-46.5305	meterological_station	inmet	A744
693	BARRA DO TURVO	-24.9628	-48.4164	meterological_station	inmet	A746
694	PRADOPOLIS	-21.3384	-48.114	meterological_station	inmet	A747
695	BARRETOS	-20.5592	-48.545	meterological_station	inmet	A748
696	JUTI	-22.8572	-54.6056	meterological_station	inmet	A749
697	AMAMBAI	-23.0025	-55.3294	meterological_station	inmet	A750
698	SETE QUEDAS	-23.9669	-55.0242	meterological_station	inmet	A751
699	ITAQUIRAI	-23.4495	-54.1819	meterological_station	inmet	A752
700	ITUVERAVA	-20.3598	-47.7752	meterological_station	inmet	A753
701	SIDROLANDIA	-20.9817	-54.9719	meterological_station	inmet	A754
702	BARUERI	-23.5239	-46.8694	meterological_station	inmet	A755
703	AGUA CLARA	-20.4444	-52.8758	meterological_station	inmet	A756
704	BELA VISTA	-22.1017	-56.5408	meterological_station	inmet	A757
705	JARDIM	-21.4785	-56.1377	meterological_station	inmet	A758
706	BATAGUASSU	-21.7501	-52.4713	meterological_station	inmet	A759
707	COSTA RICA	-18.4928	-53.1714	meterological_station	inmet	A760
708	SONORA	-17.6353	-54.7606	meterological_station	inmet	A761
709	DRACENA	-21.4577	-51.5523	meterological_station	inmet	A762
710	MARILIA	-22.2352	-49.9651	meterological_station	inmet	A763
711	BEBDOURO	-20.9492	-48.49	meterological_station	inmet	A764
712	BERTIOGA	-23.8447	-46.1433	meterological_station	inmet	A765
713	REGISTRO	-24.5331	-47.8641	meterological_station	inmet	A766
714	SAO SEBASTIAO	-23.8107	-45.4025	meterological_station	inmet	A767
715	TUPA	-21.9273	-50.4902	meterological_station	inmet	A768
716	CACHOEIRA PAULISTA	-22.689	-45.0054	meterological_station	inmet	A769
717	SAO SIMAO	-21.4611	-47.5794	meterological_station	inmet	A770
718	SAO PAULO - INTERLAGOS	-23.7245	-46.6775	meterological_station	inmet	A771
719	PORTO ALEGRE	-30.0535	-51.1748	meterological_station	inmet	A801
720	RIO GRANDE	-32.0788	-52.1677	meterological_station	inmet	A802
721	SANTA MARIA	-29.725	-53.7205	meterological_station	inmet	A803
722	SANTANA DO LIVRAMENTO	-30.7506	-55.4014	meterological_station	inmet	A804
723	SANTO AUGUSTO	-27.8543	-53.7912	meterological_station	inmet	A805
724	FLORIANOPOLIS	-27.6025	-48.6201	meterological_station	inmet	A806
725	CURITIBA	-25.4487	-49.2306	meterological_station	inmet	A807
726	TORRES	-29.3503	-49.7333	meterological_station	inmet	A808
727	URUGUAIANA	-29.8399	-57.0819	meterological_station	inmet	A809
728	SANTA ROSA	-27.8905	-54.48	meterological_station	inmet	A810
729	CANGUCU	-31.4033	-52.7007	meterological_station	inmet	A811
730	CACAPAVA DO SUL	-30.5453	-53.467	meterological_station	inmet	A812
731	RIO PARDO	-29.8721	-52.382	meterological_station	inmet	A813
732	URUSSANGA	-28.5325	-49.3153	meterological_station	inmet	A814
733	SAO JOAQUIM	-28.2756	-49.9346	meterological_station	inmet	A815
734	NOVO HORIZONTE	-26.4064	-52.8503	meterological_station	inmet	A816
735	INDAIAL	-26.9137	-49.268	meterological_station	inmet	A817
736	IVAI	-25.0108	-50.8539	meterological_station	inmet	A818
737	CASTRO	-24.787	-49.9993	meterological_station	inmet	A819
738	MAL. CANDIDO RONDON	-24.5333	-54.0192	meterological_station	inmet	A820
739	JOAQUIM TAVORA	-23.5053	-49.9464	meterological_station	inmet	A821
740	NOVA TEBAS	-24.4372	-51.9631	meterological_station	inmet	A822
741	INACIO MARTINS	-25.5679	-51.0779	meterological_station	inmet	A823
742	ICARAIMA	-23.3903	-53.6358	meterological_station	inmet	A824
743	GOIOERE	-24.1583	-53.0306	meterological_station	inmet	A825
744	ALEGRETE	-29.7091	-55.5255	meterological_station	inmet	A826
745	BAGE	-31.3478	-54.0133	meterological_station	inmet	A827
746	ERECHIM	-27.6577	-52.3058	meterological_station	inmet	A828
747	SAO JOSE DOS AUSENTES	-28.7486	-50.0579	meterological_station	inmet	A829
748	SAO BORJA	-28.6501	-56.0163	meterological_station	inmet	A830
749	QUARAI	-30.3686	-56.4371	meterological_station	inmet	A831
750	SAO GABRIEL	-30.3414	-54.3109	meterological_station	inmet	A832
751	SANTIAGO	-29.1916	-54.8857	meterological_station	inmet	A833
752	TRAMANDAI	-30.0103	-50.1359	meterological_station	inmet	A834
753	MARINGA	-23.4053	-51.9328	meterological_station	inmet	A835
754	JAGUARAO	-32.5348	-53.3759	meterological_station	inmet	A836
755	SOLEDADE	-28.8592	-52.5424	meterological_station	inmet	A837
756	CAMAQUA	-30.808	-51.8342	meterological_station	inmet	A838
757	PASSO FUNDO	-28.2268	-52.4036	meterological_station	inmet	A839
758	BENTO GONCALVES	-29.1646	-51.5342	meterological_station	inmet	A840
759	JOACABA	-27.1693	-51.559	meterological_station	inmet	A841
760	NOVA FATIMA	-23.4153	-50.5777	meterological_station	inmet	A842
761	DOIS VIZINHOS	-25.6992	-53.0953	meterological_station	inmet	A843
762	LAGOA VERMELHA	-28.2224	-51.5128	meterological_station	inmet	A844
763	BOM JARDIM DA SERRA - MORRO DA IGREJA	-28.127	-49.4796	meterological_station	inmet	A845
764	FOZ DO IGUACU	-25.6019	-54.4831	meterological_station	inmet	A846
765	DIONISIO CERQUEIRA	-26.2866	-53.6331	meterological_station	inmet	A848
766	DIAMANTE DO NORTE	-22.6394	-52.8902	meterological_station	inmet	A849
767	PARANAPOEMA	-22.6583	-52.1345	meterological_station	inmet	A850
768	ITAPOA	-26.0813	-48.6418	meterological_station	inmet	A851
769	SAO LUIZ GONZAGA	-28.4171	-54.9624	meterological_station	inmet	A852
770	CRUZ ALTA	-28.6034	-53.6736	meterological_station	inmet	A853
771	FREDERICO WESTPHALEN	-27.3957	-53.4294	meterological_station	inmet	A854
772	PLANALTO	-25.7219	-53.7479	meterological_station	inmet	A855
773	PALMEIRA DAS MISSOES	-27.9204	-53.3181	meterological_station	inmet	A856
774	XANXERE	-26.9387	-52.3981	meterological_station	inmet	A858
775	CACADOR	-26.8192	-50.9855	meterological_station	inmet	A859
776	CURITIBANOS	-27.2886	-50.6043	meterological_station	inmet	A860
777	RIO DO CAMPO	-26.9375	-50.1454	meterological_station	inmet	A861
778	RIO NEGRINHO	-26.2484	-49.5806	meterological_station	inmet	A862
779	ITUPORANGA	-27.4184	-49.6469	meterological_station	inmet	A863
780	MAJOR VIEIRA	-26.3936	-50.3633	meterological_station	inmet	A864
781	LAGES	-27.8022	-50.3355	meterological_station	inmet	A865
782	Laguna  - Farol de Santa Marta	-28.6044	-48.8133	meterological_station	inmet	A866
783	ARARANGUA	-28.9314	-49.4979	meterological_station	inmet	A867
784	ITAJAI	-26.9509	-48762	meterological_station	inmet	A868
785	CIDADE GAUCHA	-23.3592	-52.9319	meterological_station	inmet	A869
786	RANCHO QUEIMADO	-27.6786	-49.0419	meterological_station	inmet	A870
787	JAPIRA	-23.7733	-50.1806	meterological_station	inmet	A871
788	VENTANIA	-24.2804	-50.2102	meterological_station	inmet	A872
789	MORRETES	-25.5089	-48.8087	meterological_station	inmet	A873
790	SAO MATEUS DO SUL	-25.8356	-50.369	meterological_station	inmet	A874
791	GENERAL CARNEIRO	-26.3985	-51.3537	meterological_station	inmet	A875
792	CLEVELANDIA	-26.4172	-52.3486	meterological_station	inmet	A876
793	MOSTARDAS	-31.2483	-50.9064	meterological_station	inmet	A878
794	CANELA	-29.3689	-50.8272	meterological_station	inmet	A879
795	VACARIA	-28.5136	-50.8827	meterological_station	inmet	A880
796	DOM PEDRITO	-31.0025	-54.6181	meterological_station	inmet	A881
797	TEUTONIA	-29.4503	-51.8243	meterological_station	inmet	A882
798	IBIRUBA	-28.6535	-53.1119	meterological_station	inmet	A883
799	CAMPO BOM	-29.6743	-51.064	meterological_station	inmet	A884
800	TUPANCIRETA	-29.0894	-53.8266	meterological_station	inmet	A886
801	CAPAO DO LEAO (PELOTAS)	-31.8025	-52.4072	meterological_station	inmet	A887
802	SAO VICENTE DO SUL	-29.7021	-54.6943	meterological_station	inmet	A889
803	ENCRUZILHADA DO SUL	-30.5431	-52.5247	meterological_station	inmet	A893
804	SERAFINA CORREA	-28.7048	-51.8708	meterological_station	inmet	A894
805	CHAPECO	-27.9553	-52.6356	meterological_station	inmet	A895
806	CAMBARA DO SUL	-29.0491	-50.1496	meterological_station	inmet	A897
807	CAMPOS NOVOS	-27.3886	-51.2158	meterological_station	inmet	A898
808	Santa Vitoria do Palmar - Barra do Chui	-33.7423	-53.3722	meterological_station	inmet	A899
809	CUIABA	-15.5593	-56.063	meterological_station	inmet	A901
810	TANGARA DA SERRA	-14.65	-57.4317	meterological_station	inmet	A902
811	S.J. DO RIO CLARO	-13.4539	-56.6772	meterological_station	inmet	A903
812	SORRISO	-12.5551	-55.7229	meterological_station	inmet	A904
813	CAMPO NOVO DOS PARECIS	-13.7858	-57.8386	meterological_station	inmet	A905
814	GUARANTA DO NORTE	-9.9525	-54.8978	meterological_station	inmet	A906
815	RONDONOPOLIS	-16.4625	-54.5803	meterological_station	inmet	A907
816	AGUA BOA	-14.0164	-52.2117	meterological_station	inmet	A908
817	ALTO ARAGUAIA	-17.3394	-53.2244	meterological_station	inmet	A909
818	APIACAS	-9.56333	-57.3936	meterological_station	inmet	A910
819	SAPEZAL	-10.1658	-59.4511	meterological_station	inmet	A911
820	CAMPO VERDE	-15.5314	-55.1357	meterological_station	inmet	A912
821	COMODORO	-13.7081	-59.7625	meterological_station	inmet	A913
822	JUARA	-11.2802	-57.5266	meterological_station	inmet	A914
823	PARANATINGA	-14.4214	-54.0361	meterological_station	inmet	A915
824	QUERENCIA	-12.6272	-52.2208	meterological_station	inmet	A916
825	SINOP	-11.9822	-55.5661	meterological_station	inmet	A917
826	COTRIGUACU	-9.9063	-58.5722	meterological_station	inmet	A919
827	JUINA	-11.3751	-58.7748	meterological_station	inmet	A920
828	SAO FELIX  DO ARAGUAIA	-11.6189	-50.7278	meterological_station	inmet	A921
829	VILA BELA DA SANTISSIMA TRINDADE	-15.0628	-59.8731	meterological_station	inmet	A922
830	PRIMAVERA DO LESTE	-15.58	-54.3811	meterological_station	inmet	A923
831	ALTA FLORESTA	-10.0772	-56.1792	meterological_station	inmet	A924
832	PORTO VELHO	-8.79366	-63.8459	meterological_station	inmet	A925
833	CARLINDA	-9.97059	-55.8275	meterological_station	inmet	A926
834	BRASNORTE (NOVO MUNDO)	-12.5219	-58.2314	meterological_station	inmet	A927
835	NOVA MARINGA	-13.0386	-57.0922	meterological_station	inmet	A928
836	NOVA UBIRATA	-13.4111	-54.7522	meterological_station	inmet	A929
837	GAUCHA DO NORTE	-13.1849	-53.2574	meterological_station	inmet	A930
838	SANTO ANTONIO DO LESTE	-14.9278	-53.8836	meterological_station	inmet	A931
839	GUIRATINGA	-16.3417	-53.7661	meterological_station	inmet	A932
840	ITIQUIRA	-17.1751	-54.5017	meterological_station	inmet	A933
841	ALTO TAQUARI	-17.8411	-53.2894	meterological_station	inmet	A934
842	PORTO ESTRELA	-15.3247	-57.2258	meterological_station	inmet	A935
843	SALTO DO CEU	-15.1247	-58.1272	meterological_station	inmet	A936
844	PONTES E LACERDA	-15.2346	-59.3462	meterological_station	inmet	A937
845	VILHENA	-12.7349	-60.1578	meterological_station	inmet	A938
846	CACOAL	-11.4458	-61.4341	meterological_station	inmet	A939
847	ARIQUEMES	-9.949	-62.9619	meterological_station	inmet	A940
848	CACERES	-16.0747	-57.6931	meterological_station	inmet	A941
849	SAO JOSE DO XINGU	-10.4842	-52.3725	meterological_station	inmet	A942
850	SERRA NOVA DOURADA	-11.9878	-51.4261	meterological_station	inmet	A943
851	ROSARIO OESTE	-14.8289	-56.4419	meterological_station	inmet	A944
852	CAMPINA DA LAGOA	-24.5709	-52.8003	meterological_station	inmet	B803
853	LARANJEIRAS DO SUL	-25.3689	-52.3919	meterological_station	inmet	B804
854	COLOMBO	-25.3225	-49.1577	meterological_station	inmet	B806
855	BELO HORIZONTE - CERCADINHO	-19.98	-43.9587	meterological_station	inmet	F501
856	ANGELICA	-22.1481	-53.7637	meterological_station	inmet	S701
857	ARAL MOREIRA	-22.955	-55.626	meterological_station	inmet	S702
858	BANDEIRANTES	-19.9455	-54.3685	meterological_station	inmet	S703
859	BONITO	-21.2468	-56.4504	meterological_station	inmet	S704
860	BRASILANDIA	-21.2983	-52.0689	meterological_station	inmet	S705
861	CAARAPO	-22.6571	-54.8193	meterological_station	inmet	S706
862	CAMAPUA	-19.5875	-54.0301	meterological_station	inmet	S707
863	FATIMA DO SUL	-22.3087	-54.3258	meterological_station	inmet	S708
864	IGUATEMI	-23.6445	-54.5703	meterological_station	inmet	S709
865	ITAPORA	-22.0928	-54.7988	meterological_station	inmet	S710
866	LAGUNA CARAPA	-22.5754	-55.1603	meterological_station	inmet	S711
867	NOVA ALVORADA DO SUL	-21.451	-54.342	meterological_station	inmet	S712
868	NOVA ANDRADINA	-22.0785	-53.4659	meterological_station	inmet	S713
869	PEDRO GOMES	-18.0727	-54.5488	meterological_station	inmet	S714
870	RIBAS DO RIO PARDO	-20.4667	-53.763	meterological_station	inmet	S715
871	SANTA RITA DO PARDO	-21.3059	-52.8204	meterological_station	inmet	S716
872	SELVIRIA	-20.3514	-51.4302	meterological_station	inmet	S717
873	Rio Grande 1 – RS	-32.1881	-52.0819	tide	simcosta	2667
874	São José do Ribamar – MA	-8.3931	-34.96	tide	simcosta	2668
875	Tramandaí – RS	-30.005	-50.1289	tide	simcosta	2671
876	Pecém – CE	-3.5311	-38.7931	tide	simcosta	2673
877	Imbituba – SC	-28.2311	-48.65	tide	simcosta	2674
878	Ilhabela – SP	-23.7736	-45.3547	tide	simcosta	2675
879	Suape – PE	-8.3931	-34.96	tide	simcosta	2677
880	Ilha da Paz (SFS)	-26.1783	-48.4861	tide	epagri	2901
881	Itapoá - Porto Itapoá	-26.1844	-48.6061	tide	epagri	2903
882	São Francisco do Sul - TESC I	-26.2339	-48.6375	tide	epagri	2909
883	São Francisco do Sul - TESC II	-26.2361	-48.6397	tide	epagri	2910
884	Joinville - Iate Clube	-26.2933	-48.7806	tide	epagri	2913
885	Barra Velha (Itajuba)	-26.6931	-48.6858	tide	epagri	2915
886	Itajaí - Cabeçudas (UNIVALI)	-26.9286	-48.6278	tide	epagri	2921
887	Balneário Camboriú - Praia de Laranjeiras	-26.9961	-48.5889	tide	epagri	2927
888	Florianópolis - Marinha Centro	-27.5961	-48.5675	tide	epagri	2946
889	Florianópolis - Caieira III	-27.8172	-48.5658	tide	epagri	2948
890	Florianopolis - Caieira I	-27.8161	-48.5639	tide	epagri	2951
891	Imbituba - Porto de Imbituba	-28.2308	-48.6508	tide	epagri	2963
892	Laguna - Marinha	-28.4853	-48.7833	tide	epagri	2969
893	Balneário Rincão - Plataforma de Pesca	-28.8261	-49.2147	tide	epagri	2975
894	Passo de Torres - Foz do Rio Mampituba	-29.3261	-49.7192	tide	epagri	2981
895	suape	-8.38811	-34.9521	buoy	hidromares	
896	celse	-10.8628	-36.8747	buoy	hidromares	

